industry_code,is_loan_eligible,employee_limit,has_special_condition,max_revenue
01110,1,5,0,8000000000
01121,1,5,0,8000000000
01122,1,5,0,8000000000
01123,1,5,0,8000000000
01131,1,5,0,8000000000
01132,1,5,0,8000000000
01140,1,5,0,8000000000
01151,1,5,0,8000000000
01159,1,5,0,8000000000
01211,1,5,0,8000000000
01212,1,5,0,8000000000
01220,1,5,0,8000000000
01231,1,5,0,8000000000
01239,1,5,0,8000000000
01291,1,5,0,8000000000
01299,1,5,0,8000000000
01300,1,5,0,8000000000
01411,1,5,0,8000000000
01412,1,5,0,8000000000
01420,1,5,0,8000000000
01500,1,5,0,8000000000
02011,1,5,0,8000000000
02012,1,5,0,8000000000
02020,1,5,0,8000000000
02030,1,5,0,8000000000
02040,1,5,0,8000000000
03111,1,5,0,8000000000
03112,1,5,0,8000000000
03120,1,5,0,8000000000
03211,1,5,0,8000000000
03212,1,5,0,8000000000
03213,1,5,0,8000000000
03220,1,5,0,8000000000
05100,1,10,0,8000000000
05200,1,10,0,8000000000
06100,1,10,0,8000000000
06200,1,10,0,8000000000
07110,1,10,0,8000000000
07121,1,10,0,8000000000
07122,1,10,0,8000000000
07210,1,10,0,8000000000
07220,1,10,0,8000000000
07290,1,10,0,8000000000
08000,1,10,0,8000000000
10111,1,10,0,12000000000
10112,1,10,0,12000000000
10121,1,10,0,12000000000
10122,1,10,0,12000000000
10129,1,10,0,12000000000
10211,1,10,0,12000000000
10212,1,10,0,12000000000
10213,1,10,0,12000000000
10219,1,10,0,12000000000
10220,1,10,0,12000000000
10301,1,10,0,12000000000
10302,1,10,0,12000000000
10309,1,10,0,12000000000
10411,1,10,0,12000000000
10412,1,10,0,12000000000
10413,1,10,0,12000000000
10421,1,10,0,12000000000
10422,1,10,0,12000000000
10511,1,10,0,12000000000
10512,1,10,0,12000000000
10513,1,10,0,12000000000
10519,1,10,0,12000000000
10520,1,10,0,12000000000
10601,1,10,0,12000000000
10602,1,10,0,12000000000
10603,1,10,0,12000000000
10701,1,10,0,12000000000
10709,1,10,0,12000000000
10810,1,10,0,12000000000
10820,1,10,0,12000000000
10831,1,10,0,12000000000
10832,1,10,0,12000000000
10833,1,10,0,12000000000
10839,1,10,0,12000000000
10891,1,10,0,12000000000
10892,1,10,0,12000000000
10893,1,10,0,12000000000
10894,1,10,0,12000000000
10895,1,10,0,12000000000
10896,1,10,0,12000000000
10897,1,10,0,12000000000
10899,1,10,0,12000000000
10901,1,10,0,12000000000
10902,1,10,0,12000000000
10903,1,10,0,12000000000
11111,1,10,0,12000000000
11112,1,10,0,12000000000
11119,1,10,0,12000000000
11121,1,10,0,12000000000
11122,1,10,0,12000000000
11129,1,10,0,12000000000
11201,1,10,0,12000000000
11202,1,10,0,12000000000
11209,1,10,0,12000000000
12000,1,10,0,8000000000
13101,1,10,0,8000000000
13102,1,10,0,8000000000
13103,1,10,0,8000000000
13104,1,10,0,8000000000
13109,1,10,0,8000000000
13211,1,10,0,8000000000
13212,1,10,0,8000000000
13213,1,10,0,8000000000
13219,1,10,0,8000000000
13221,1,10,0,8000000000
13222,1,10,0,8000000000
13223,1,10,0,8000000000
13224,1,10,0,8000000000
13225,1,10,0,8000000000
13229,1,10,0,8000000000
13300,1,10,0,8000000000
13401,1,10,0,8000000000
13402,1,10,0,8000000000
13403,1,10,0,8000000000
13409,1,10,0,8000000000
13910,1,10,0,8000000000
13921,1,10,0,8000000000
13922,1,10,0,8000000000
13991,1,10,0,8000000000
13992,1,10,0,8000000000
13993,1,10,0,8000000000
13994,1,10,0,8000000000
13999,1,10,0,8000000000
14111,1,10,0,12000000000
14112,1,10,0,12000000000
14120,1,10,0,12000000000
14130,1,10,0,12000000000
14191,1,10,0,12000000000
14192,1,10,0,12000000000
14193,1,10,0,12000000000
14194,1,10,0,12000000000
14199,1,10,0,12000000000
14200,1,10,0,12000000000
14300,1,10,0,12000000000
14411,1,10,0,12000000000
14419,1,10,0,12000000000
14491,1,10,0,12000000000
14499,1,10,0,12000000000
15110,1,10,0,12000000000
15121,1,10,0,12000000000
15129,1,10,0,12000000000
15190,1,10,0,12000000000
15211,1,10,0,12000000000
15219,1,10,0,12000000000
15220,1,10,0,12000000000
16101,1,10,0,8000000000
16102,1,10,0,8000000000
16103,1,10,0,8000000000
16211,1,10,0,8000000000
16212,1,10,0,8000000000
16221,1,10,0,8000000000
16229,1,10,0,8000000000
16231,1,10,0,8000000000
16232,1,10,0,8000000000
16291,1,10,0,8000000000
16292,1,10,0,8000000000
16299,1,10,0,8000000000
16300,1,10,0,8000000000
17101,1,10,0,8000000000
17102,1,10,0,8000000000
17103,1,10,0,8000000000
17104,1,10,0,8000000000
17105,1,10,0,8000000000
17106,1,10,0,8000000000
17109,1,10,0,8000000000
17211,1,10,0,8000000000
17212,1,10,0,8000000000
17221,1,10,0,8000000000
17222,1,10,0,8000000000
17223,1,10,0,8000000000
17229,1,10,0,8000000000
17901,1,10,0,8000000000
17902,1,10,0,8000000000
17903,1,10,0,8000000000
17904,1,10,0,8000000000
17909,1,10,0,8000000000
18111,1,10,0,8000000000
18112,1,10,0,8000000000
18113,1,10,0,8000000000
18119,1,10,0,8000000000
18121,1,10,0,8000000000
18122,1,10,0,8000000000
18129,1,10,0,8000000000
18200,1,10,0,8000000000
19100,1,10,0,12000000000
19210,1,10,0,12000000000
19221,1,10,0,12000000000
19229,1,10,0,12000000000
20111,1,10,0,12000000000
20112,1,10,0,12000000000
20119,1,10,0,12000000000
20121,1,10,0,12000000000
20122,1,10,0,12000000000
20129,1,10,0,12000000000
20131,1,10,0,12000000000
20132,1,10,0,12000000000
20201,1,10,0,12000000000
20202,1,10,0,12000000000
20203,1,10,0,12000000000
20311,1,10,0,12000000000
20312,1,10,0,12000000000
20313,1,10,0,12000000000
20321,1,10,0,12000000000
20322,1,10,0,12000000000
20411,1,10,0,12000000000
20412,1,10,0,12000000000
20413,1,10,0,12000000000
20421,1,10,0,12000000000
20422,1,10,0,12000000000
20423,1,10,0,12000000000
20424,1,10,0,12000000000
20491,1,10,0,12000000000
20492,1,10,0,12000000000
20493,1,10,0,12000000000
20494,1,10,0,12000000000
20495,1,10,0,12000000000
20499,1,10,0,12000000000
20501,1,10,0,12000000000
20502,1,10,0,12000000000
21100,1,10,0,12000000000
21211,1,10,0,12000000000
21212,1,10,0,12000000000
21220,1,10,0,12000000000
21230,1,10,0,12000000000
21301,1,10,0,12000000000
21309,1,10,0,12000000000
22110,1,10,0,8000000000
22191,1,10,0,8000000000
22192,1,10,0,8000000000
22193,1,10,0,8000000000
22199,1,10,0,8000000000
22211,1,10,0,8000000000
22212,1,10,0,8000000000
22213,1,10,0,8000000000
22214,1,10,0,8000000000
22221,1,10,0,8000000000
22222,1,10,0,8000000000
22223,1,10,0,8000000000
22229,1,10,0,8000000000
22231,1,10,0,8000000000
22232,1,10,0,8000000000
22241,1,10,0,8000000000
22249,1,10,0,8000000000
22251,1,10,0,8000000000
22259,1,10,0,8000000000
22291,1,10,0,8000000000
22292,1,10,0,8000000000
22299,1,10,0,8000000000
23111,1,10,0,12000000000
23112,1,10,0,12000000000
23119,1,10,0,12000000000
23121,1,10,0,12000000000
23122,1,10,0,12000000000
23129,1,10,0,12000000000
23191,1,10,0,12000000000
23192,1,10,0,12000000000
23199,1,10,0,12000000000
23211,1,10,0,12000000000
23212,1,10,0,12000000000
23221,1,10,0,12000000000
23222,1,10,0,12000000000
23229,1,10,0,12000000000
23231,1,10,0,12000000000
23232,1,10,0,12000000000
23239,1,10,0,12000000000
23311,1,10,0,12000000000
23312,1,10,0,12000000000
23321,1,10,0,12000000000
23322,1,10,0,12000000000
23323,1,10,0,12000000000
23324,1,10,0,12000000000
23325,1,10,0,12000000000
23326,1,10,0,12000000000
23329,1,10,0,12000000000
23911,1,10,0,12000000000
23919,1,10,0,12000000000
23991,1,10,0,12000000000
23992,1,10,0,12000000000
23993,1,10,0,12000000000
23994,1,10,0,12000000000
23995,1,10,0,12000000000
23999,1,10,0,12000000000
24111,1,10,0,12000000000
24112,1,10,0,12000000000
24113,1,10,0,12000000000
24119,1,10,0,12000000000
24121,1,10,0,12000000000
24122,1,10,0,12000000000
24123,1,10,0,12000000000
24131,1,10,0,12000000000
24132,1,10,0,12000000000
24133,1,10,0,12000000000
24191,1,10,0,12000000000
24199,1,10,0,12000000000
24211,1,10,0,12000000000
24212,1,10,0,12000000000
24213,1,10,0,12000000000
24219,1,10,0,12000000000
24221,1,10,0,12000000000
24222,1,10,0,12000000000
24229,1,10,0,12000000000
24290,1,10,0,12000000000
24311,1,10,0,12000000000
24312,1,10,0,12000000000
24321,1,10,0,12000000000
24329,1,10,0,12000000000
25111,1,10,0,12000000000
25112,1,10,0,12000000000
25113,1,10,0,12000000000
25114,1,10,0,12000000000
25119,1,10,0,12000000000
25121,1,10,0,12000000000
25122,1,10,0,12000000000
25123,1,10,0,12000000000
25130,1,10,0,12000000000
25200,1,10,0,12000000000
25911,1,10,0,12000000000
25912,1,10,0,12000000000
25913,1,10,0,12000000000
25914,1,10,0,12000000000
25921,1,10,0,12000000000
25922,1,10,0,12000000000
25923,1,10,0,12000000000
25924,1,10,0,12000000000
25929,1,10,0,12000000000
25931,1,10,0,12000000000
25932,1,10,0,12000000000
25933,1,10,0,12000000000
25934,1,10,0,12000000000
25941,1,10,0,12000000000
25942,1,10,0,12000000000
25943,1,10,0,12000000000
25944,1,10,0,12000000000
25991,1,10,0,12000000000
25992,1,10,0,12000000000
25993,1,10,0,12000000000
25994,1,10,0,12000000000
25995,1,10,0,12000000000
25999,1,10,0,12000000000
26111,1,10,0,12000000000
26112,1,10,0,12000000000
26121,1,10,0,12000000000
26129,1,10,0,12000000000
26211,1,10,0,12000000000
26212,1,10,0,12000000000
26219,1,10,0,12000000000
26221,1,10,0,12000000000
26222,1,10,0,12000000000
26223,1,10,0,12000000000
26224,1,10,0,12000000000
26291,1,10,0,12000000000
26292,1,10,0,12000000000
26293,1,10,0,12000000000
26294,1,10,0,12000000000
26299,1,10,0,12000000000
26310,1,10,0,12000000000
26321,1,10,0,12000000000
26322,1,10,0,12000000000
26323,1,10,0,12000000000
26329,1,10,0,12000000000
26410,1,10,0,12000000000
26421,1,10,0,12000000000
26422,1,10,0,12000000000
26429,1,10,0,12000000000
26511,1,10,0,12000000000
26519,1,10,0,12000000000
26521,1,10,0,12000000000
26529,1,10,0,12000000000
26600,1,10,0,12000000000
27111,1,10,0,8000000000
27112,1,10,0,8000000000
27191,1,10,0,8000000000
27192,1,10,0,8000000000
27193,1,10,0,8000000000
27194,1,10,0,8000000000
27195,1,10,0,8000000000
27196,1,10,0,8000000000
27199,1,10,0,8000000000
27211,1,10,0,8000000000
27212,1,10,0,8000000000
27213,1,10,0,8000000000
27214,1,10,0,8000000000
27215,1,10,0,8000000000
27216,1,10,0,8000000000
27219,1,10,0,8000000000
27220,1,10,0,8000000000
27301,1,10,0,8000000000
27309,1,10,0,8000000000
28111,1,10,0,12000000000
28112,1,10,0,12000000000
28113,1,10,0,12000000000
28119,1,10,0,12000000000
28121,1,10,0,12000000000
28122,1,10,0,12000000000
28123,1,10,0,12000000000
28201,1,10,0,12000000000
28202,1,10,0,12000000000
28209,1,10,0,12000000000
28301,1,10,0,12000000000
28302,1,10,0,12000000000
28303,1,10,0,12000000000
28410,1,10,0,12000000000
28421,1,10,0,12000000000
28422,1,10,0,12000000000
28423,1,10,0,12000000000
28429,1,10,0,12000000000
28511,1,10,0,12000000000
28512,1,10,0,12000000000
28519,1,10,0,12000000000
28520,1,10,0,12000000000
28901,1,10,0,12000000000
28902,1,10,0,12000000000
28903,1,10,0,12000000000
28909,1,10,0,12000000000
29111,1,10,0,12000000000
29119,1,10,0,12000000000
29120,1,10,0,12000000000
29131,1,10,0,12000000000
29132,1,10,0,12000000000
29133,1,10,0,12000000000
29141,1,10,0,12000000000
29142,1,10,0,12000000000
29150,1,10,0,12000000000
29161,1,10,0,12000000000
29162,1,10,0,12000000000
29163,1,10,0,12000000000
29169,1,10,0,12000000000
29171,1,10,0,12000000000
29172,1,10,0,12000000000
29173,1,10,0,12000000000
29174,1,10,0,12000000000
29175,1,10,0,12000000000
29176,1,10,0,12000000000
29177,1,10,0,12000000000
29180,1,10,0,12000000000
29191,1,10,0,12000000000
29192,1,10,0,12000000000
29193,1,10,0,12000000000
29199,1,10,0,12000000000
29210,1,10,0,12000000000
29221,1,10,0,12000000000
29222,1,10,0,12000000000
29223,1,10,0,12000000000
29224,1,10,0,12000000000
29229,1,10,0,12000000000
29230,1,10,0,12000000000
29241,1,10,0,12000000000
29242,1,10,0,12000000000
29250,1,10,0,12000000000
29261,1,10,0,12000000000
29269,1,10,0,12000000000
29271,1,10,0,12000000000
29272,1,10,0,12000000000
29280,1,10,0,12000000000
29291,1,10,0,12000000000
29292,1,10,0,12000000000
29293,1,10,0,12000000000
29299,1,10,0,12000000000
30110,1,10,0,3000000000
30121,1,10,0,3000000000
30122,1,10,0,3000000000
30123,1,10,0,3000000000
30124,1,10,0,3000000000
30201,1,10,0,3000000000
30202,1,10,0,3000000000
30203,1,10,0,3000000000
30310,1,10,0,3000000000
30320,1,10,0,3000000000
30331,1,10,0,3000000000
30332,1,10,0,3000000000
30391,1,10,0,3000000000
30392,1,10,0,3000000000
30393,1,10,0,3000000000
30399,1,10,0,3000000000
30400,1,10,0,3000000000
31111,1,10,0,3000000000
31112,1,10,0,3000000000
31113,1,10,0,3000000000
31114,1,10,0,3000000000
31120,1,10,0,3000000000
31201,1,10,0,3000000000
31202,1,10,0,3000000000
31311,1,10,0,3000000000
31312,1,10,0,3000000000
31321,1,10,0,3000000000
31322,1,10,0,3000000000
31910,1,10,0,3000000000
31921,1,10,0,3000000000
31922,1,10,0,3000000000
31991,1,10,0,3000000000
31999,1,10,0,3000000000
32011,1,10,0,3000000000
32019,1,10,0,3000000000
32021,1,10,0,3000000000
32029,1,10,0,3000000000
32091,1,10,0,3000000000
32099,1,10,0,3000000000
33110,1,10,0,3000000000
33120,1,10,0,3000000000
33201,1,10,0,3000000000
33209,1,10,0,3000000000
33301,1,10,0,3000000000
33302,1,10,0,3000000000
33303,1,10,0,3000000000
33309,1,10,0,3000000000
33401,1,10,0,3000000000
33402,1,10,0,3000000000
33409,0,10,0,3000000000
33910,1,10,0,3000000000
33920,1,10,0,3000000000
33931,1,10,0,3000000000
33932,1,10,0,3000000000
33933,1,10,0,3000000000
33991,1,10,0,3000000000
33992,1,10,0,3000000000
33993,1,10,0,3000000000
33999,1,10,0,3000000000
34011,1,10,0,3000000000
34019,1,10,0,3000000000
34020,1,10,0,3000000000
35111,1,5,0,3000000000
35112,1,5,0,3000000000
35113,1,5,0,3000000000
35114,1,5,0,3000000000
35115,1,5,0,3000000000
35119,1,5,0,3000000000
35120,1,5,0,3000000000
35130,1,5,0,3000000000
35200,1,5,0,3000000000
35300,1,5,0,3000000000
36010,1,5,0,3000000000
36020,1,5,0,3000000000
37011,1,5,0,3000000000
37012,1,5,0,3000000000
37021,1,5,0,3000000000
37022,1,5,0,3000000000
38110,1,5,0,3000000000
38120,1,5,0,3000000000
38130,1,5,0,3000000000
38210,1,5,0,3000000000
38220,1,5,0,3000000000
38230,1,5,0,3000000000
38240,1,5,0,3000000000
38311,1,5,0,3000000000
38312,1,5,0,3000000000
38321,1,5,0,3000000000
38322,1,5,0,3000000000
39001,1,5,0,3000000000
39009,1,5,0,3000000000
41111,1,10,0,8000000000
41112,1,10,0,8000000000
41119,1,10,0,8000000000
41121,1,10,0,8000000000
41122,1,10,0,8000000000
41129,1,10,0,8000000000
41210,1,10,0,8000000000
41221,1,10,0,8000000000
41222,1,10,0,8000000000
41223,1,10,0,8000000000
41224,1,10,0,8000000000
41225,1,10,0,8000000000
41226,1,10,0,8000000000
41229,1,10,0,8000000000
42110,1,10,0,8000000000
42121,1,10,0,8000000000
42122,1,10,0,8000000000
42123,1,10,0,8000000000
42129,1,10,0,8000000000
42131,1,10,0,8000000000
42132,1,10,0,8000000000
42191,1,10,0,8000000000
42192,1,10,0,8000000000
42193,1,10,0,8000000000
42194,1,10,0,8000000000
42195,1,10,0,8000000000
42196,1,10,0,8000000000
42199,1,10,0,8000000000
42201,1,10,0,8000000000
42202,1,10,0,8000000000
42203,1,10,0,8000000000
42204,1,10,0,8000000000
42205,1,10,0,8000000000
42209,1,10,0,8000000000
42311,1,10,0,8000000000
42312,1,10,0,8000000000
42321,1,10,0,8000000000
42322,1,10,0,8000000000
42411,1,10,0,8000000000
42412,1,10,0,8000000000
42420,1,10,0,8000000000
42491,1,10,0,8000000000
42492,1,10,0,8000000000
42499,1,10,0,8000000000
42500,1,10,0,8000000000
42600,1,10,0,8000000000
45110,1,5,0,5000000000
45120,1,5,0,5000000000
45211,1,5,0,5000000000
45212,1,5,0,5000000000
45213,1,5,0,5000000000
45219,1,5,0,5000000000
45220,1,5,0,5000000000
45301,1,5,0,5000000000
45302,1,5,0,5000000000
46101,1,5,0,5000000000
46102,0,5,0,5000000000
46103,1,5,0,5000000000
46104,1,5,0,5000000000
46105,1,5,0,5000000000
46106,1,5,0,5000000000
46107,1,5,0,5000000000
46109,1,5,0,5000000000
46201,1,5,0,5000000000
46202,1,5,0,5000000000
46203,1,5,0,5000000000
46204,1,5,0,5000000000
46205,1,5,0,5000000000
46209,0,5,0,5000000000
46311,1,5,0,5000000000
46312,1,5,0,5000000000
46313,1,5,0,5000000000
46314,1,5,0,5000000000
46315,1,5,0,5000000000
46319,1,5,0,5000000000
46321,1,5,0,5000000000
46322,1,5,0,5000000000
46323,1,5,0,5000000000
46324,1,5,0,5000000000
46325,1,5,0,5000000000
46326,1,5,0,5000000000
46329,1,5,0,5000000000
46331,1,5,0,5000000000
46332,1,5,0,5000000000
46333,0,5,0,5000000000
46411,1,5,0,5000000000
46412,1,5,0,5000000000
46413,1,5,0,5000000000
46414,1,5,0,5000000000
46415,1,5,0,5000000000
46416,1,5,0,5000000000
46417,1,5,0,5000000000
46419,1,5,0,5000000000
46420,1,5,0,5000000000
46431,1,5,0,5000000000
46432,1,5,0,5000000000
46433,1,5,0,5000000000
46439,1,5,0,5000000000
46441,1,5,0,5000000000
46442,1,5,0,5000000000
46443,1,5,0,5000000000
46444,1,5,0,5000000000
46451,1,5,0,5000000000
46452,1,5,0,5000000000
46453,1,5,0,5000000000
46461,1,5,0,5000000000
46462,1,5,0,5000000000
46463,0,5,0,5000000000
46464,1,5,0,5000000000
46465,1,5,0,5000000000
46491,1,5,0,5000000000
46492,1,5,0,5000000000
46493,1,5,0,5000000000
46499,1,5,0,5000000000
46510,1,5,0,5000000000
46521,1,5,0,5000000000
46522,1,5,0,5000000000
46531,1,5,0,5000000000
46532,1,5,0,5000000000
46533,1,5,0,5000000000
46539,1,5,0,5000000000
46591,1,5,0,5000000000
46592,1,5,0,5000000000
46593,1,5,0,5000000000
46594,1,5,0,5000000000
46595,1,5,0,5000000000
46596,1,5,0,5000000000
46599,1,5,0,5000000000
46611,1,5,0,5000000000
46612,1,5,0,5000000000
46613,1,5,0,5000000000
46621,1,5,0,5000000000
46622,1,5,0,5000000000
46691,1,5,0,5000000000
46692,1,5,0,5000000000
46699,1,5,0,5000000000
46711,1,5,0,5000000000
46712,1,5,0,5000000000
46713,1,5,0,5000000000
46721,1,5,0,5000000000
46722,1,5,0,5000000000
46731,1,5,0,5000000000
46732,1,5,0,5000000000
46733,1,5,0,5000000000
46739,1,5,0,5000000000
46741,1,5,0,5000000000
46742,1,5,0,5000000000
46750,1,5,0,5000000000
46791,1,5,0,5000000000
46799,1,5,0,5000000000
46800,1,5,0,5000000000
47111,1,5,0,5000000000
47112,1,5,0,5000000000
47119,1,5,0,5000000000
47121,1,5,0,5000000000
47122,1,5,0,5000000000
47129,1,5,0,5000000000
47130,1,5,0,5000000000
47190,1,5,0,5000000000
47211,1,5,0,5000000000
47212,1,5,0,5000000000
47213,1,5,0,5000000000
47214,1,5,0,5000000000
47215,1,5,0,5000000000
47219,1,5,0,5000000000
47221,1,5,0,5000000000
47222,1,5,0,5000000000
47223,1,5,0,5000000000
47229,1,5,0,5000000000
47231,1,5,0,5000000000
47232,1,5,0,5000000000
47311,1,5,0,5000000000
47312,1,5,0,5000000000
47320,1,5,0,5000000000
47411,1,5,0,5000000000
47412,1,5,0,5000000000
47413,1,5,0,5000000000
47414,1,5,0,5000000000
47415,1,5,0,5000000000
47416,1,5,0,5000000000
47417,1,5,0,5000000000
47419,1,5,0,5000000000
47421,1,5,0,5000000000
47422,1,5,0,5000000000
47429,1,5,0,5000000000
47430,1,5,0,5000000000
47440,1,5,0,5000000000
47511,1,5,0,5000000000
47512,1,5,0,5000000000
47513,1,5,0,5000000000
47519,1,5,0,5000000000
47520,1,5,0,5000000000
47591,1,5,0,5000000000
47592,1,5,0,5000000000
47593,1,5,0,5000000000
47599,1,5,0,5000000000
47611,1,5,0,5000000000
47612,1,5,0,5000000000
47620,1,5,0,5000000000
47631,1,5,0,5000000000
47632,1,5,0,5000000000
47640,0,5,0,5000000000
47711,1,5,0,5000000000
47712,1,5,0,5000000000
47713,1,5,0,5000000000
47721,1,5,0,5000000000
47722,1,5,0,5000000000
47723,1,5,0,5000000000
47811,0,5,0,5000000000
47812,1,5,0,5000000000
47813,1,5,0,5000000000
47821,1,5,0,5000000000
47822,1,5,0,5000000000
47823,1,5,0,5000000000
47829,1,5,0,5000000000
47830,1,5,0,5000000000
47841,1,5,0,5000000000
47842,1,5,0,5000000000
47851,1,5,0,5000000000
47852,1,5,0,5000000000
47859,0,5,0,5000000000
47861,1,5,0,5000000000
47862,1,5,0,5000000000
47869,1,5,0,5000000000
47911,0,5,0,5000000000
47912,0,5,0,5000000000
47919,1,5,0,5000000000
47920,1,5,0,5000000000
47991,1,5,0,5000000000
47992,1,5,0,5000000000
47993,0,5,0,5000000000
47999,1,5,0,5000000000
49101,1,10,0,8000000000
49102,1,10,0,8000000000
49211,1,10,0,8000000000
49212,1,10,0,8000000000
49219,1,10,0,8000000000
49220,1,10,0,8000000000
49231,1,10,0,8000000000
49232,1,10,0,8000000000
49233,1,10,0,8000000000
49239,1,10,0,8000000000
49301,1,10,0,8000000000
49302,1,10,0,8000000000
49309,1,10,0,8000000000
49401,1,10,0,8000000000
49402,1,10,0,8000000000
49500,1,10,0,8000000000
50111,1,10,0,8000000000
50112,1,10,0,8000000000
50121,1,10,0,8000000000
50122,1,10,0,8000000000
50130,1,10,0,8000000000
50201,1,10,0,8000000000
50209,1,10,0,8000000000
51100,1,10,0,8000000000
51200,1,10,0,8000000000
52101,1,10,0,8000000000
52102,1,10,0,8000000000
52103,1,10,0,8000000000
52104,1,10,0,8000000000
52109,1,10,0,8000000000
52911,1,10,0,8000000000
52912,1,10,0,8000000000
52913,1,10,0,8000000000
52914,1,10,0,8000000000
52915,1,10,0,8000000000
52919,1,10,0,8000000000
52921,1,10,0,8000000000
52922,1,10,0,8000000000
52929,1,10,0,8000000000
52931,1,10,0,8000000000
52939,1,10,0,8000000000
52941,1,10,0,8000000000
52942,1,10,0,8000000000
52991,0,10,0,8000000000
52992,1,10,0,8000000000
52993,1,10,0,8000000000
52999,1,10,0,8000000000
55101,1,5,0,1000000000
55102,1,5,0,1000000000
55103,1,5,0,1000000000
55104,1,5,0,1000000000
55105,1,5,0,1000000000
55109,1,5,0,1000000000
55901,1,5,0,1000000000
55909,1,5,0,1000000000
56111,1,5,0,1000000000
56112,1,5,0,1000000000
56113,1,5,0,1000000000
56114,1,5,0,1000000000
56121,1,5,0,1000000000
56122,1,5,0,1000000000
56123,1,5,0,1000000000
56129,1,5,0,1000000000
56130,1,5,0,1000000000
56141,1,5,0,1000000000
56142,1,5,0,1000000000
56150,1,5,0,1000000000
56161,1,5,0,1000000000
56162,1,5,0,1000000000
56191,1,5,0,1000000000
56199,1,5,0,1000000000
56211,0,5,0,1000000000
56212,0,5,0,1000000000
56213,1,5,0,1000000000
56219,1,5,0,1000000000
56221,1,5,0,1000000000
56229,1,5,0,1000000000
58111,1,5,0,3000000000
58112,1,5,0,3000000000
58113,1,5,0,3000000000
58121,1,5,0,3000000000
58122,1,5,0,3000000000
58123,1,5,0,3000000000
58190,1,5,0,3000000000
58211,0,5,0,3000000000
58212,0,5,0,3000000000
58219,0,5,0,3000000000
58221,1,5,0,3000000000
58222,1,5,0,3000000000
59111,1,5,0,3000000000
59112,1,5,0,3000000000
59113,1,5,0,3000000000
59114,1,5,0,3000000000
59120,1,5,0,3000000000
59130,1,5,0,3000000000
59141,1,5,0,3000000000
59142,1,5,0,3000000000
59201,1,5,0,3000000000
59202,1,5,0,3000000000
60100,1,5,0,3000000000
60210,1,5,0,3000000000
60221,1,5,0,3000000000
60222,1,5,0,3000000000
60229,1,5,0,3000000000
60310,1,5,0,3000000000
60320,1,5,0,3000000000
61100,1,5,0,3000000000
61210,1,5,0,3000000000
61220,1,5,0,3000000000
61291,1,5,0,3000000000
61299,1,5,0,3000000000
62010,1,5,0,3000000000
62021,1,5,0,3000000000
62022,1,5,0,3000000000
62090,1,5,0,3000000000
63111,1,5,0,3000000000
63112,1,5,0,3000000000
63120,1,5,0,3000000000
63910,1,5,0,3000000000
63991,1,5,0,3000000000
63992,0,5,0,3000000000
63999,0,5,0,3000000000
64110,0,5,0,8000000000
64121,0,5,0,8000000000
64122,0,5,0,8000000000
64131,0,5,0,8000000000
64132,0,5,0,8000000000
64201,0,5,0,8000000000
64209,0,5,0,8000000000
64911,0,5,0,8000000000
64912,0,5,0,8000000000
64913,0,5,0,8000000000
64919,0,5,0,8000000000
64991,0,5,0,8000000000
64992,0,5,0,8000000000
64999,0,5,0,8000000000
65110,0,5,0,8000000000
65121,0,5,0,8000000000
65122,0,5,0,8000000000
65200,0,5,0,8000000000
65301,0,5,0,8000000000
65302,0,5,0,8000000000
66110,0,5,0,8000000000
66121,0,5,0,8000000000
66122,0,5,0,8000000000
66191,0,5,0,8000000000
66192,0,5,0,8000000000
66199,0,5,0,8000000000
66201,0,5,0,8000000000
66202,0,5,0,8000000000
66209,0,5,0,8000000000
68111,0,5,0,3000000000
68112,0,5,1,3000000000
68119,0,5,0,3000000000
68121,0,5,0,3000000000
68122,0,5,0,3000000000
68129,0,5,0,3000000000
68211,0,5,0,3000000000
68212,0,5,0,3000000000
68221,0,5,0,3000000000
68222,0,5,0,3000000000
68223,0,5,0,3000000000
68224,0,5,0,3000000000
70111,1,5,0,3000000000
70112,1,5,0,3000000000
70113,1,5,0,3000000000
70119,1,5,0,3000000000
70121,1,5,0,3000000000
70129,1,5,0,3000000000
70130,1,5,0,3000000000
70201,1,5,0,3000000000
70209,1,5,0,3000000000
71101,0,5,0,3000000000
71102,0,5,0,3000000000
71103,0,5,0,3000000000
71109,0,5,0,3000000000
71201,0,5,0,3000000000
71202,0,5,0,3000000000
71209,0,5,0,3000000000
71310,1,5,0,3000000000
71391,1,5,0,3000000000
71392,1,5,0,3000000000
71399,1,5,0,3000000000
71400,1,5,0,3000000000
71511,1,5,0,3000000000
71519,1,5,0,3000000000
71531,1,5,0,3000000000
71532,1,5,0,3000000000
71600,1,5,0,3000000000
72111,1,5,0,3000000000
72112,1,5,0,3000000000
72121,1,5,0,3000000000
72122,1,5,0,3000000000
72129,1,5,0,3000000000
72911,1,5,0,3000000000
72919,1,5,0,3000000000
72921,1,5,0,3000000000
72922,1,5,0,3000000000
72923,1,5,0,3000000000
73100,0,5,0,3000000000
73201,1,5,0,3000000000
73202,1,5,0,3000000000
73203,1,5,0,3000000000
73209,1,5,0,3000000000
73301,1,5,0,3000000000
73302,1,5,0,3000000000
73303,1,5,0,3000000000
73901,1,5,0,3000000000
73902,1,5,0,3000000000
73903,1,5,0,3000000000
73904,0,5,0,3000000000
73905,1,5,0,3000000000
73909,1,5,0,3000000000
74100,1,5,0,3000000000
74211,1,5,0,3000000000
74212,1,5,0,3000000000
74220,1,5,0,3000000000
74300,1,5,0,3000000000
75110,1,5,0,3000000000
75121,1,5,0,3000000000
75122,1,5,0,3000000000
75210,1,5,0,3000000000
75290,1,5,0,3000000000
75310,1,5,0,3000000000
75320,1,5,0,3000000000
75330,0,5,0,3000000000
75911,1,5,0,3000000000
75919,1,5,0,3000000000
75991,1,5,0,3000000000
75992,1,5,0,3000000000
75993,0,5,0,3000000000
75994,1,5,0,3000000000
75995,1,5,0,3000000000
75999,0,5,0,3000000000
76110,1,5,0,3000000000
76190,1,5,0,3000000000
76210,1,5,0,3000000000
76220,1,5,0,3000000000
76291,1,5,0,3000000000
76292,1,5,0,3000000000
76299,1,5,0,3000000000
76310,1,5,0,3000000000
76320,1,5,0,3000000000
76390,0,5,0,3000000000
76400,1,5,0,3000000000
84111,1,5,0,
84112,1,5,0,
84113,1,5,0,
84114,1,5,0,
84119,1,5,0,
84120,1,5,0,
84211,1,5,0,
84212,1,5,0,
84213,1,5,0,
84214,1,5,0,
84219,1,5,0,
84221,1,5,0,
84222,1,5,0,
84223,1,5,0,
84224,1,5,0,
84229,1,5,0,
84310,1,5,0,
84320,1,5,0,
84401,1,5,0,
84402,1,5,0,
84403,1,5,0,
84404,1,5,0,
84405,1,5,0,
84409,1,5,0,
84500,1,5,0,
84611,1,5,0,
84619,1,5,0,
84620,1,5,0,
85110,1,5,0,1000000000
85120,1,5,0,1000000000
85211,1,5,0,1000000000
85212,1,5,0,1000000000
85221,1,5,0,1000000000
85222,1,5,0,1000000000
85229,1,5,0,1000000000
85301,1,5,0,1000000000
85302,1,5,0,1000000000
85303,1,5,0,1000000000
85410,1,5,0,1000000000
85420,1,5,0,1000000000
85430,1,5,0,1000000000
85501,1,5,0,1000000000
85502,1,5,0,1000000000
85503,1,5,0,1000000000
85611,1,5,0,1000000000
85612,1,5,0,1000000000
85613,1,5,0,1000000000
85614,1,5,0,1000000000
85621,1,5,0,1000000000
85622,1,5,0,1000000000
85629,1,5,0,1000000000
85631,1,5,0,1000000000
85632,1,5,0,1000000000
85640,1,5,0,1000000000
85650,1,5,0,1000000000
85661,1,5,0,1000000000
85669,1,5,0,1000000000
85691,1,5,0,1000000000
85699,1,5,0,1000000000
85701,1,5,0,1000000000
85709,1,5,0,1000000000
86101,0,5,0,1000000000
86102,0,5,0,1000000000
86103,0,5,0,1000000000
86104,0,5,0,1000000000
86105,0,5,0,1000000000
86201,0,5,0,1000000000
86202,0,5,0,1000000000
86203,0,5,0,1000000000
86204,0,5,0,1000000000
86300,0,5,0,1000000000
86901,0,5,0,1000000000
86902,0,5,0,1000000000
86909,0,5,0,1000000000
87111,1,5,0,1000000000
87112,1,5,0,1000000000
87121,1,5,0,1000000000
87122,1,5,0,1000000000
87131,1,5,0,1000000000
87139,1,5,0,1000000000
87210,1,5,0,1000000000
87291,1,5,0,1000000000
87292,1,5,0,1000000000
87293,1,5,0,1000000000
87294,1,5,0,1000000000
87299,1,5,0,1000000000
90110,1,5,0,1000000000
90121,1,5,0,1000000000
90122,1,5,0,1000000000
90123,1,5,0,1000000000
90131,1,5,0,1000000000
90132,1,5,0,1000000000
90191,1,5,0,1000000000
90199,1,5,0,1000000000
90211,1,5,0,1000000000
90212,1,5,0,1000000000
90221,1,5,0,1000000000
90222,1,5,0,1000000000
90231,1,5,0,1000000000
90232,1,5,0,1000000000
90290,1,5,0,1000000000
91111,1,5,0,1000000000
91112,1,5,0,1000000000
91113,0,5,0,1000000000
91121,0,5,0,1000000000
91122,1,5,0,1000000000
91131,1,5,0,1000000000
91132,1,5,0,1000000000
91133,1,5,0,1000000000
91134,1,5,0,1000000000
91135,1,5,0,1000000000
91136,1,5,0,1000000000
91139,1,5,0,1000000000
91191,1,5,0,1000000000
91199,1,5,0,1000000000
91210,1,5,0,1000000000
91221,0,5,0,1000000000
91222,0,5,0,1000000000
91223,0,5,0,1000000000
91229,0,5,0,1000000000
91231,1,5,0,1000000000
91239,1,5,0,1000000000
91241,1,5,0,1000000000
91242,0,5,0,1000000000
91249,0,5,0,1000000000
91291,0,5,0,1000000000
91292,1,5,0,1000000000
91293,1,5,0,1000000000
91299,1,5,0,1000000000
94110,1,5,0,1000000000
94120,1,5,0,1000000000
94200,1,5,0,1000000000
94911,1,5,0,1000000000
94912,1,5,0,1000000000
94913,1,5,0,1000000000
94914,1,5,0,1000000000
94919,1,5,0,1000000000
94920,1,5,0,1000000000
94931,1,5,0,1000000000
94939,1,5,0,1000000000
94990,1,5,0,1000000000
95110,1,5,0,1000000000
95120,1,5,0,1000000000
95211,1,5,0,1000000000
95212,1,5,0,1000000000
95213,1,5,0,1000000000
95220,1,5,0,1000000000
95310,1,5,0,1000000000
95391,1,5,0,1000000000
95392,1,5,0,1000000000
95393,1,5,0,1000000000
95399,1,5,0,1000000000
96111,1,5,0,1000000000
96112,1,5,0,1000000000
96113,1,5,0,1000000000
96119,1,5,0,1000000000
96121,0,5,1,1000000000
96122,0,5,1,1000000000
96129,0,5,1,1000000000
96911,1,5,0,1000000000
96912,1,5,0,1000000000
96913,1,5,0,1000000000
96921,1,5,0,1000000000
96922,1,5,0,1000000000
96991,1,5,0,1000000000
96992,0,5,0,1000000000
96993,1,5,0,1000000000
96994,1,5,0,1000000000
96995,1,5,0,1000000000
96999,0,5,0,1000000000
97000,1,5,0,1000000000
98100,1,5,0,1000000000
98200,1,5,0,1000000000
99001,1,5,0,1000000000
99009,1,5,0,1000000000